SrcAddr,-1_0.0,-1_3.0,-1_5.0,-1_2.0,-1_1.0,-1_4.0,label
147.32.84.165,25.0,0.0,42.0,29.0,19964.0,0.0,1
147.32.84.191,23.0,0.0,39.0,27.0,21799.0,2.0,1
147.32.84.192,17.0,0.0,28.0,25.0,21700.0,0.0,1
147.32.84.193,26.0,0.0,35.0,28.0,20871.0,0.0,1
147.32.84.204,17.0,0.0,30.0,25.0,23298.0,0.0,1
147.32.84.205,19.0,0.0,31.0,32.0,24788.0,0.0,1
147.32.84.206,19.0,0.0,31.0,26.0,23564.0,0.0,1
147.32.84.207,17.0,0.0,37.0,30.0,22066.0,0.0,1
147.32.84.208,16.0,0.0,28.0,31.0,23205.0,0.0,1
147.32.84.209,36.0,0.0,41.0,27.0,20626.0,0.0,1
0.0.0.0,36.0,0.0,41.0,27.0,20626.0,0.0,0
00:0b:ac:c4:e7:40,36.0,0.0,41.0,27.0,20626.0,0.0,0
00:0b:ac:c5:cf:00,36.0,0.0,41.0,27.0,20626.0,0.0,0
00:0c:29:97:a3:eb,36.0,0.0,41.0,27.0,20626.0,0.0,0
00:15:17:2c:e5:2d,36.0,0.0,41.0,27.0,20626.0,0.0,0
1.112.121.154,36.0,0.0,41.0,27.0,20626.0,0.0,0
1.112.182.132,36.0,0.0,41.0,27.0,20626.0,0.0,0
1.112.197.149,36.0,0.0,41.0,27.0,20626.0,0.0,0
1.112.217.186,36.0,0.0,41.0,27.0,20626.0,0.0,0
1.112.30.35,36.0,0.0,41.0,27.0,20626.0,0.0,0
1.112.34.128,36.0,0.0,41.0,27.0,20626.0,0.0,0
1.112.79.64,36.0,0.0,41.0,27.0,20626.0,0.0,0
1.113.138.159,36.0,0.0,41.0,27.0,20626.0,0.0,0
1.113.190.205,36.0,0.0,41.0,27.0,20626.0,0.0,0
1.113.56.8,36.0,0.0,41.0,27.0,20626.0,0.0,0
1.113.97.49,36.0,0.0,41.0,27.0,20626.0,0.0,0
1.114.106.229,36.0,0.0,41.0,27.0,20626.0,0.0,0
1.114.115.168,36.0,0.0,41.0,27.0,20626.0,0.0,0
1.114.121.138,36.0,0.0,41.0,27.0,20626.0,0.0,0
1.114.122.8,36.0,0.0,41.0,27.0,20626.0,0.0,0
1.114.163.81,36.0,0.0,41.0,27.0,20626.0,0.0,0
1.114.166.15,36.0,0.0,41.0,27.0,20626.0,0.0,0
1.114.168.61,36.0,0.0,41.0,27.0,20626.0,0.0,0
1.114.177.23,36.0,0.0,41.0,27.0,20626.0,0.0,0
1.114.73.99,36.0,0.0,41.0,27.0,20626.0,0.0,0
1.114.97.190,36.0,0.0,41.0,27.0,20626.0,0.0,0
1.115.102.197,36.0,0.0,41.0,27.0,20626.0,0.0,0
1.115.106.248,36.0,0.0,41.0,27.0,20626.0,0.0,0
1.115.118.78,36.0,0.0,41.0,27.0,20626.0,0.0,0
1.115.21.106,36.0,0.0,41.0,27.0,20626.0,0.0,0
1.115.53.208,36.0,0.0,41.0,27.0,20626.0,0.0,0
1.115.89.16,36.0,0.0,41.0,27.0,20626.0,0.0,0
1.127.159.79,36.0,0.0,41.0,27.0,20626.0,0.0,0
1.144.123.95,36.0,0.0,41.0,27.0,20626.0,0.0,0
1.144.134.124,36.0,0.0,41.0,27.0,20626.0,0.0,0
1.144.198.140,36.0,0.0,41.0,27.0,20626.0,0.0,0
1.144.204.95,36.0,0.0,41.0,27.0,20626.0,0.0,0
1.144.25.200,36.0,0.0,41.0,27.0,20626.0,0.0,0
1.144.59.174,36.0,0.0,41.0,27.0,20626.0,0.0,0
1.144.70.21,36.0,0.0,41.0,27.0,20626.0,0.0,0
1.144.92.87,36.0,0.0,41.0,27.0,20626.0,0.0,0
1.148.102.21,36.0,0.0,41.0,27.0,20626.0,0.0,0
1.148.121.58,36.0,0.0,41.0,27.0,20626.0,0.0,0
1.148.17.43,36.0,0.0,41.0,27.0,20626.0,0.0,0
1.148.17.91,36.0,0.0,41.0,27.0,20626.0,0.0,0
1.148.195.166,36.0,0.0,41.0,27.0,20626.0,0.0,0
1.148.234.183,36.0,0.0,41.0,27.0,20626.0,0.0,0
1.148.239.3,36.0,0.0,41.0,27.0,20626.0,0.0,0
1.148.239.7,36.0,0.0,41.0,27.0,20626.0,0.0,0
1.148.5.124,36.0,0.0,41.0,27.0,20626.0,0.0,0
1.152.102.39,36.0,0.0,41.0,27.0,20626.0,0.0,0
1.152.109.149,36.0,0.0,41.0,27.0,20626.0,0.0,0
1.152.14.106,36.0,0.0,41.0,27.0,20626.0,0.0,0
1.152.141.187,36.0,0.0,41.0,27.0,20626.0,0.0,0
1.152.151.26,36.0,0.0,41.0,27.0,20626.0,0.0,0
1.152.165.142,36.0,0.0,41.0,27.0,20626.0,0.0,0
1.152.173.43,36.0,0.0,41.0,27.0,20626.0,0.0,0
1.152.179.52,36.0,0.0,41.0,27.0,20626.0,0.0,0
1.152.2.22,36.0,0.0,41.0,27.0,20626.0,0.0,0
1.152.216.236,36.0,0.0,41.0,27.0,20626.0,0.0,0
1.152.235.152,36.0,0.0,41.0,27.0,20626.0,0.0,0
1.152.252.158,36.0,0.0,41.0,27.0,20626.0,0.0,0
1.152.29.30,36.0,0.0,41.0,27.0,20626.0,0.0,0
1.152.31.119,36.0,0.0,41.0,27.0,20626.0,0.0,0
1.153.100.148,36.0,0.0,41.0,27.0,20626.0,0.0,0
1.153.142.175,36.0,0.0,41.0,27.0,20626.0,0.0,0
1.153.154.8,36.0,0.0,41.0,27.0,20626.0,0.0,0
1.153.175.83,36.0,0.0,41.0,27.0,20626.0,0.0,0
1.153.193.17,36.0,0.0,41.0,27.0,20626.0,0.0,0
1.153.48.74,36.0,0.0,41.0,27.0,20626.0,0.0,0
1.153.55.229,36.0,0.0,41.0,27.0,20626.0,0.0,0
1.153.69.41,36.0,0.0,41.0,27.0,20626.0,0.0,0
1.153.95.187,36.0,0.0,41.0,27.0,20626.0,0.0,0
1.153.97.107,36.0,0.0,41.0,27.0,20626.0,0.0,0
1.155.186.220,36.0,0.0,41.0,27.0,20626.0,0.0,0
1.160.132.241,36.0,0.0,41.0,27.0,20626.0,0.0,0
1.160.134.3,36.0,0.0,41.0,27.0,20626.0,0.0,0
1.160.232.133,36.0,0.0,41.0,27.0,20626.0,0.0,0
1.160.29.200,36.0,0.0,41.0,27.0,20626.0,0.0,0
1.160.31.8,36.0,0.0,41.0,27.0,20626.0,0.0,0
1.160.93.96,36.0,0.0,41.0,27.0,20626.0,0.0,0
1.161.129.45,36.0,0.0,41.0,27.0,20626.0,0.0,0
1.161.131.70,36.0,0.0,41.0,27.0,20626.0,0.0,0
1.161.133.47,36.0,0.0,41.0,27.0,20626.0,0.0,0
1.161.138.39,36.0,0.0,41.0,27.0,20626.0,0.0,0
1.161.194.172,36.0,0.0,41.0,27.0,20626.0,0.0,0
1.161.200.250,36.0,0.0,41.0,27.0,20626.0,0.0,0
1.168.0.178,36.0,0.0,41.0,27.0,20626.0,0.0,0
1.168.129.77,36.0,0.0,41.0,27.0,20626.0,0.0,0
1.168.136.212,36.0,0.0,41.0,27.0,20626.0,0.0,0
1.168.137.213,36.0,0.0,41.0,27.0,20626.0,0.0,0
1.168.141.37,36.0,0.0,41.0,27.0,20626.0,0.0,0
1.168.195.42,36.0,0.0,41.0,27.0,20626.0,0.0,0
1.169.129.68,36.0,0.0,41.0,27.0,20626.0,0.0,0
1.169.139.125,36.0,0.0,41.0,27.0,20626.0,0.0,0
1.169.157.68,36.0,0.0,41.0,27.0,20626.0,0.0,0
1.169.171.208,36.0,0.0,41.0,27.0,20626.0,0.0,0
1.169.176.141,36.0,0.0,41.0,27.0,20626.0,0.0,0
1.169.176.204,36.0,0.0,41.0,27.0,20626.0,0.0,0
1.169.184.134,36.0,0.0,41.0,27.0,20626.0,0.0,0
1.169.187.131,36.0,0.0,41.0,27.0,20626.0,0.0,0
1.169.189.21,36.0,0.0,41.0,27.0,20626.0,0.0,0
1.169.190.100,0.0,0.0,10.0,0.0,0.0,0.0,0
1.169.190.231,0.0,0.0,10.0,0.0,0.0,0.0,0
1.169.190.98,0.0,0.0,10.0,0.0,0.0,0.0,0
1.169.218.197,0.0,0.0,10.0,0.0,0.0,0.0,0
1.170.132.158,0.0,0.0,10.0,0.0,0.0,0.0,0
1.170.135.215,0.0,0.0,10.0,0.0,0.0,0.0,0
1.170.135.71,0.0,0.0,10.0,0.0,0.0,0.0,0
1.170.147.109,0.0,0.0,10.0,0.0,0.0,0.0,0
1.170.147.66,0.0,0.0,10.0,0.0,0.0,0.0,0
1.171.111.28,0.0,0.0,10.0,0.0,0.0,0.0,0
1.171.112.70,0.0,0.0,10.0,0.0,0.0,0.0,0
1.171.117.12,0.0,0.0,10.0,0.0,0.0,0.0,0
1.171.194.100,0.0,0.0,10.0,0.0,0.0,0.0,0
1.171.195.12,0.0,0.0,10.0,0.0,0.0,0.0,0
1.171.196.50,0.0,0.0,10.0,0.0,0.0,0.0,0
1.171.202.191,0.0,0.0,10.0,0.0,0.0,0.0,0
1.171.204.154,0.0,0.0,10.0,0.0,0.0,0.0,0
1.172.130.190,0.0,0.0,10.0,0.0,0.0,0.0,0
1.172.3.173,0.0,0.0,10.0,0.0,0.0,0.0,0
1.172.9.78,0.0,0.0,10.0,0.0,0.0,0.0,0
1.174.10.155,0.0,0.0,10.0,0.0,0.0,0.0,0
1.174.11.165,0.0,0.0,10.0,0.0,0.0,0.0,0
1.174.134.226,0.0,0.0,10.0,0.0,0.0,0.0,0
1.174.15.104,0.0,0.0,10.0,0.0,0.0,0.0,0
1.174.194.227,0.0,0.0,10.0,0.0,0.0,0.0,0
1.174.20.113,0.0,0.0,10.0,0.0,0.0,0.0,0
1.175.130.4,0.0,0.0,10.0,0.0,0.0,0.0,0
1.175.132.182,0.0,0.0,10.0,0.0,0.0,0.0,0
1.175.132.189,0.0,0.0,10.0,0.0,0.0,0.0,0
1.175.134.46,0.0,0.0,10.0,0.0,0.0,0.0,0
1.177.12.42,0.0,0.0,10.0,0.0,0.0,0.0,0
1.186.23.1,0.0,0.0,10.0,0.0,0.0,0.0,0
1.186.5.83,0.0,0.0,10.0,0.0,0.0,0.0,0
1.192.11.33,0.0,0.0,10.0,0.0,0.0,0.0,0
1.192.13.43,0.0,0.0,10.0,0.0,0.0,0.0,0
1.194.26.187,0.0,0.0,10.0,0.0,0.0,0.0,0
1.195.108.179,0.0,0.0,10.0,0.0,0.0,0.0,0
1.195.112.147,0.0,0.0,10.0,0.0,0.0,0.0,0
1.195.219.50,0.0,0.0,10.0,0.0,0.0,0.0,0
1.195.229.115,0.0,0.0,10.0,0.0,0.0,0.0,0
1.196.65.66,0.0,0.0,10.0,0.0,0.0,0.0,0
1.197.116.237,0.0,0.0,10.0,0.0,0.0,0.0,0
1.202.116.241,0.0,0.0,10.0,0.0,0.0,0.0,0
1.202.120.42,0.0,0.0,10.0,0.0,0.0,0.0,0
1.202.14.146,0.0,0.0,10.0,0.0,0.0,0.0,0
1.202.95.180,0.0,0.0,10.0,0.0,0.0,0.0,0
1.203.1.231,0.0,0.0,10.0,0.0,0.0,0.0,0
1.203.164.177,0.0,0.0,10.0,0.0,0.0,0.0,0
1.203.79.191,0.0,0.0,10.0,0.0,0.0,0.0,0
1.212.154.83,0.0,0.0,10.0,0.0,0.0,0.0,0
1.22.2.242,0.0,0.0,10.0,0.0,0.0,0.0,0
1.22.25.134,0.0,0.0,10.0,0.0,0.0,0.0,0
1.226.94.211,0.0,0.0,10.0,0.0,0.0,0.0,0
1.227.45.143,0.0,0.0,10.0,0.0,0.0,0.0,0
1.23.0.144,0.0,0.0,10.0,0.0,0.0,0.0,0
1.23.225.213,0.0,0.0,10.0,0.0,0.0,0.0,0
1.230.123.170,0.0,0.0,10.0,0.0,0.0,0.0,0
1.238.116.114,0.0,0.0,10.0,0.0,0.0,0.0,0
1.238.80.153,0.0,0.0,10.0,0.0,0.0,0.0,0
1.241.14.50,0.0,0.0,10.0,0.0,0.0,0.0,0
1.241.55.143,0.0,0.0,10.0,0.0,0.0,0.0,0
1.249.160.4,0.0,0.0,10.0,0.0,0.0,0.0,0
1.251.138.70,0.0,0.0,10.0,0.0,0.0,0.0,0
1.252.111.154,0.0,0.0,10.0,0.0,0.0,0.0,0
1.254.21.146,0.0,0.0,10.0,0.0,0.0,0.0,0
1.33.107.201,0.0,0.0,10.0,0.0,0.0,0.0,0
1.33.107.58,0.0,0.0,10.0,0.0,0.0,0.0,0
1.33.12.229,0.0,0.0,10.0,0.0,0.0,0.0,0
1.33.214.16,0.0,0.0,10.0,0.0,0.0,0.0,0
1.33.65.46,0.0,0.0,10.0,0.0,0.0,0.0,0
1.33.70.184,0.0,0.0,10.0,0.0,0.0,0.0,0
1.33.98.204,0.0,0.0,10.0,0.0,0.0,0.0,0
1.36.104.92,0.0,0.0,10.0,0.0,0.0,0.0,0
1.36.119.187,0.0,0.0,10.0,0.0,0.0,0.0,0
1.36.144.56,0.0,0.0,10.0,0.0,0.0,0.0,0
1.36.158.73,0.0,0.0,10.0,0.0,0.0,0.0,0
1.36.172.60,0.0,0.0,10.0,0.0,0.0,0.0,0
1.36.20.37,0.0,0.0,10.0,0.0,0.0,0.0,0
1.36.88.54,0.0,0.0,10.0,0.0,0.0,0.0,0
1.38.155.195,0.0,0.0,10.0,0.0,0.0,0.0,0
1.38.160.48,0.0,0.0,10.0,0.0,0.0,0.0,0
1.38.232.22,0.0,0.0,10.0,0.0,0.0,0.0,0
1.38.242.49,0.0,0.0,10.0,0.0,0.0,0.0,0
1.38.97.190,0.0,0.0,10.0,0.0,0.0,0.0,0
1.39.112.169,0.0,0.0,10.0,0.0,0.0,0.0,0
1.39.131.189,0.0,0.0,10.0,0.0,0.0,0.0,0
1.39.43.155,0.0,0.0,10.0,0.0,0.0,0.0,0
1.41.17.120,0.0,0.0,10.0,0.0,0.0,0.0,0
1.42.31.224,0.0,0.0,10.0,0.0,0.0,0.0,0
1.42.96.250,0.0,0.0,10.0,0.0,0.0,0.0,0
1.44.143.92,0.0,0.0,10.0,0.0,0.0,0.0,0
1.46.126.182,0.0,0.0,10.0,0.0,0.0,0.0,0
1.46.174.167,0.0,0.0,10.0,0.0,0.0,0.0,0
1.46.245.235,0.0,0.0,10.0,0.0,0.0,0.0,0
1.47.30.122,0.0,0.0,10.0,0.0,0.0,0.0,0
1.47.69.129,9.0,0.0,1.0,0.0,0.0,0.0,0
1.47.74.233,9.0,0.0,1.0,0.0,0.0,0.0,0
1.49.39.227,9.0,0.0,1.0,0.0,0.0,0.0,0
1.52.115.43,9.0,0.0,1.0,0.0,0.0,0.0,0
1.52.152.148,9.0,0.0,1.0,0.0,0.0,0.0,0
1.52.242.214,9.0,0.0,1.0,0.0,0.0,0.0,0
1.52.33.85,9.0,0.0,1.0,0.0,0.0,0.0,0
1.52.87.148,9.0,0.0,1.0,0.0,0.0,0.0,0
1.52.99.196,9.0,0.0,1.0,0.0,0.0,0.0,0
1.53.10.176,9.0,0.0,1.0,0.0,0.0,0.0,0
1.53.103.177,9.0,0.0,1.0,0.0,0.0,0.0,0
1.53.11.164,9.0,0.0,1.0,0.0,0.0,0.0,0
1.53.112.237,9.0,0.0,1.0,0.0,0.0,0.0,0
1.53.135.180,9.0,0.0,1.0,0.0,0.0,0.0,0
1.53.135.214,9.0,0.0,1.0,0.0,0.0,0.0,0
1.53.20.60,9.0,0.0,1.0,0.0,0.0,0.0,0
1.53.21.47,9.0,0.0,1.0,0.0,0.0,0.0,0
1.53.225.82,9.0,0.0,1.0,0.0,0.0,0.0,0
1.53.226.91,9.0,0.0,1.0,0.0,0.0,0.0,0
1.53.35.140,9.0,0.0,1.0,0.0,0.0,0.0,0
1.53.98.126,9.0,0.0,1.0,0.0,0.0,0.0,0
1.54.17.191,9.0,0.0,1.0,0.0,0.0,0.0,0
1.54.18.113,9.0,0.0,1.0,0.0,0.0,0.0,0
1.54.19.134,9.0,0.0,1.0,0.0,0.0,0.0,0
1.54.21.125,9.0,0.0,1.0,0.0,0.0,0.0,0
1.54.21.158,9.0,0.0,1.0,0.0,0.0,0.0,0
1.54.21.188,9.0,0.0,1.0,0.0,0.0,0.0,0
1.54.22.104,9.0,0.0,1.0,0.0,0.0,0.0,0
1.54.22.119,9.0,0.0,1.0,0.0,0.0,0.0,0
1.54.26.114,9.0,0.0,1.0,0.0,0.0,0.0,0
1.54.26.171,9.0,0.0,1.0,0.0,0.0,0.0,0
1.54.26.63,9.0,0.0,1.0,0.0,0.0,0.0,0
1.55.105.123,9.0,0.0,1.0,0.0,0.0,0.0,0
1.55.115.184,9.0,0.0,1.0,0.0,0.0,0.0,0
1.55.123.111,9.0,0.0,1.0,0.0,0.0,0.0,0
1.55.13.80,9.0,0.0,1.0,0.0,0.0,0.0,0
1.55.175.247,9.0,0.0,1.0,0.0,0.0,0.0,0
1.55.22.39,9.0,0.0,1.0,0.0,0.0,0.0,0
1.55.28.114,9.0,0.0,1.0,0.0,0.0,0.0,0
1.55.28.155,9.0,0.0,1.0,0.0,0.0,0.0,0
1.55.36.236,9.0,0.0,1.0,0.0,0.0,0.0,0
1.55.89.243,9.0,0.0,1.0,0.0,0.0,0.0,0
1.55.90.103,9.0,0.0,1.0,0.0,0.0,0.0,0
1.55.90.239,9.0,0.0,1.0,0.0,0.0,0.0,0
1.55.91.115,9.0,0.0,1.0,0.0,0.0,0.0,0
1.55.92.159,9.0,0.0,1.0,0.0,0.0,0.0,0
1.55.93.239,9.0,0.0,1.0,0.0,0.0,0.0,0
1.56.129.147,9.0,0.0,1.0,0.0,0.0,0.0,0
1.56.171.2,9.0,0.0,1.0,0.0,0.0,0.0,0
1.57.78.103,9.0,0.0,1.0,0.0,0.0,0.0,0
1.62.76.83,9.0,0.0,1.0,0.0,0.0,0.0,0
1.64.177.252,9.0,0.0,1.0,0.0,0.0,0.0,0
1.64.179.147,9.0,0.0,1.0,0.0,0.0,0.0,0
1.64.18.247,9.0,0.0,1.0,0.0,0.0,0.0,0
1.64.184.106,9.0,0.0,1.0,0.0,0.0,0.0,0
1.64.36.243,9.0,0.0,1.0,0.0,0.0,0.0,0
1.64.40.48,9.0,0.0,1.0,0.0,0.0,0.0,0
1.64.79.45,9.0,0.0,1.0,0.0,0.0,0.0,0
1.65.210.197,9.0,0.0,1.0,0.0,0.0,0.0,0
1.66.100.121,9.0,0.0,1.0,0.0,0.0,0.0,0
1.66.100.139,9.0,0.0,1.0,0.0,0.0,0.0,0
1.66.100.152,9.0,0.0,1.0,0.0,0.0,0.0,0
1.66.100.169,9.0,0.0,1.0,0.0,0.0,0.0,0
1.66.100.177,9.0,0.0,1.0,0.0,0.0,0.0,0
1.66.100.196,9.0,0.0,1.0,0.0,0.0,0.0,0
1.66.100.225,9.0,0.0,1.0,0.0,0.0,0.0,0
1.66.100.29,9.0,0.0,1.0,0.0,0.0,0.0,0
1.66.100.32,9.0,0.0,1.0,0.0,0.0,0.0,0
1.66.100.71,9.0,0.0,1.0,0.0,0.0,0.0,0
1.66.100.97,9.0,0.0,1.0,0.0,0.0,0.0,0
1.66.101.169,9.0,0.0,1.0,0.0,0.0,0.0,0
1.66.101.92,9.0,0.0,1.0,0.0,0.0,0.0,0
1.66.102.99,9.0,0.0,1.0,0.0,0.0,0.0,0
1.66.103.206,9.0,0.0,1.0,0.0,0.0,0.0,0
1.66.105.221,9.0,0.0,1.0,0.0,0.0,0.0,0
1.66.96.138,9.0,0.0,1.0,0.0,0.0,0.0,0
1.66.96.211,9.0,0.0,1.0,0.0,0.0,0.0,0
1.66.96.215,9.0,0.0,1.0,0.0,0.0,0.0,0
1.66.96.229,9.0,0.0,1.0,0.0,0.0,0.0,0
1.66.96.239,9.0,0.0,1.0,0.0,0.0,0.0,0
1.66.96.47,9.0,0.0,1.0,0.0,0.0,0.0,0
1.66.96.7,9.0,0.0,1.0,0.0,0.0,0.0,0
1.66.96.78,9.0,0.0,1.0,0.0,0.0,0.0,0
1.66.97.100,9.0,0.0,1.0,0.0,0.0,0.0,0
1.66.97.132,9.0,0.0,1.0,0.0,0.0,0.0,0
1.66.97.14,9.0,0.0,1.0,0.0,0.0,0.0,0
1.66.97.149,9.0,0.0,1.0,0.0,0.0,0.0,0
1.66.97.177,9.0,0.0,1.0,0.0,0.0,0.0,0
1.66.97.18,9.0,0.0,1.0,0.0,0.0,0.0,0
1.66.97.186,9.0,0.0,1.0,0.0,0.0,0.0,0
1.66.97.191,9.0,0.0,1.0,0.0,0.0,0.0,0
1.66.97.230,9.0,0.0,1.0,0.0,0.0,0.0,0
1.66.97.90,9.0,0.0,1.0,0.0,0.0,0.0,0
1.66.98.102,9.0,0.0,1.0,0.0,0.0,0.0,0
1.66.98.104,9.0,0.0,1.0,0.0,0.0,0.0,0
1.66.98.134,9.0,0.0,1.0,0.0,0.0,0.0,0
1.66.98.155,9.0,0.0,1.0,0.0,0.0,0.0,0
1.66.98.160,9.0,0.0,1.0,0.0,0.0,0.0,0
1.66.98.168,9.0,0.0,1.0,0.0,0.0,0.0,0
1.66.98.187,9.0,0.0,1.0,0.0,0.0,0.0,0
1.66.98.203,9.0,0.0,1.0,0.0,0.0,0.0,0
1.66.98.211,9.0,0.0,1.0,0.0,0.0,0.0,0
1.66.98.216,9.0,0.0,1.0,0.0,0.0,0.0,0
1.66.98.28,9.0,0.0,1.0,0.0,0.0,0.0,0
1.66.98.41,9.0,0.0,1.0,0.0,0.0,0.0,0
1.66.98.45,9.0,0.0,1.0,0.0,0.0,0.0,0
1.66.98.91,9.0,0.0,1.0,0.0,0.0,0.0,0
1.66.99.142,9.0,0.0,1.0,0.0,0.0,0.0,0
1.66.99.148,9.0,0.0,1.0,0.0,0.0,0.0,0
1.66.99.159,9.0,0.0,1.0,0.0,0.0,0.0,0
1.66.99.172,9.0,0.0,1.0,0.0,0.0,0.0,0
1.66.99.185,9.0,0.0,1.0,0.0,0.0,0.0,0
1.66.99.208,9.0,0.0,1.0,0.0,0.0,0.0,0
1.66.99.247,9.0,0.0,1.0,0.0,0.0,0.0,0
1.66.99.85,9.0,0.0,1.0,0.0,0.0,0.0,0
1.66.99.89,9.0,0.0,1.0,0.0,0.0,0.0,0
1.66.99.9,9.0,0.0,1.0,0.0,0.0,0.0,0
1.66.99.96,9.0,0.0,1.0,0.0,0.0,0.0,0
1.72.0.108,9.0,0.0,1.0,0.0,0.0,0.0,0
1.72.0.147,9.0,0.0,1.0,0.0,0.0,0.0,0
1.72.0.155,9.0,0.0,1.0,0.0,0.0,0.0,0
1.72.0.168,9.0,0.0,1.0,0.0,0.0,0.0,0
1.72.0.17,9.0,0.0,1.0,0.0,0.0,0.0,0
1.72.0.188,9.0,0.0,1.0,0.0,0.0,0.0,0
1.72.0.214,9.0,0.0,1.0,0.0,0.0,0.0,0
1.72.0.237,9.0,0.0,1.0,0.0,0.0,0.0,0
1.72.0.41,9.0,0.0,1.0,0.0,0.0,0.0,0
1.72.0.46,9.0,0.0,1.0,0.0,0.0,0.0,0
1.72.0.53,9.0,0.0,1.0,0.0,0.0,0.0,0
1.72.0.94,9.0,0.0,1.0,0.0,0.0,0.0,0
1.72.1.107,9.0,0.0,1.0,0.0,0.0,0.0,0
1.72.1.115,9.0,0.0,1.0,0.0,0.0,0.0,0
1.72.1.179,9.0,0.0,1.0,0.0,0.0,0.0,0
1.72.1.195,9.0,0.0,1.0,0.0,0.0,0.0,0
1.72.1.221,9.0,0.0,1.0,0.0,0.0,0.0,0
1.72.1.238,9.0,0.0,1.0,0.0,0.0,0.0,0
1.72.1.252,9.0,0.0,1.0,0.0,0.0,0.0,0
1.72.1.254,9.0,0.0,1.0,0.0,0.0,0.0,0
1.72.1.62,9.0,0.0,1.0,0.0,0.0,0.0,0
1.72.10.225,9.0,0.0,1.0,0.0,0.0,0.0,0
1.72.2.131,9.0,0.0,1.0,0.0,0.0,0.0,0
1.72.2.157,0.0,2.0,8.0,0.0,0.0,0.0,0
1.72.2.193,0.0,2.0,8.0,0.0,0.0,0.0,0
1.72.2.206,0.0,2.0,8.0,0.0,0.0,0.0,0
1.72.2.221,0.0,2.0,8.0,0.0,0.0,0.0,0
1.72.2.29,0.0,2.0,8.0,0.0,0.0,0.0,0
1.72.2.83,0.0,2.0,8.0,0.0,0.0,0.0,0
1.72.2.85,0.0,2.0,8.0,0.0,0.0,0.0,0
1.72.3.109,0.0,2.0,8.0,0.0,0.0,0.0,0
1.72.3.143,0.0,2.0,8.0,0.0,0.0,0.0,0
1.72.3.168,0.0,2.0,8.0,0.0,0.0,0.0,0
1.72.3.3,0.0,2.0,8.0,0.0,0.0,0.0,0
1.72.3.35,0.0,2.0,8.0,0.0,0.0,0.0,0
1.72.3.54,0.0,2.0,8.0,0.0,0.0,0.0,0
1.72.3.71,0.0,2.0,8.0,0.0,0.0,0.0,0
1.72.7.71,0.0,2.0,8.0,0.0,0.0,0.0,0
1.72.8.210,0.0,2.0,8.0,0.0,0.0,0.0,0
1.72.9.135,0.0,2.0,8.0,0.0,0.0,0.0,0
1.72.9.53,0.0,2.0,8.0,0.0,0.0,0.0,0
1.80.251.200,0.0,2.0,8.0,0.0,0.0,0.0,0
1.80.37.95,0.0,2.0,8.0,0.0,0.0,0.0,0
1.81.59.121,0.0,2.0,8.0,0.0,0.0,0.0,0
1.82.75.83,0.0,2.0,8.0,0.0,0.0,0.0,0
1.82.81.23,0.0,2.0,8.0,0.0,0.0,0.0,0
1.84.102.234,0.0,2.0,8.0,0.0,0.0,0.0,0
1.85.190.103,0.0,2.0,8.0,0.0,0.0,0.0,0
1.85.210.171,0.0,2.0,8.0,0.0,0.0,0.0,0
1.86.177.251,0.0,2.0,8.0,0.0,0.0,0.0,0
1.86.19.16,0.0,2.0,8.0,0.0,0.0,0.0,0
1.86.199.94,0.0,2.0,8.0,0.0,0.0,0.0,0
1.86.8.211,0.0,2.0,8.0,0.0,0.0,0.0,0
10.10.20.233,30.0,0.0,0.0,0.0,0.0,0.0,0
10.168.115.232,30.0,0.0,0.0,0.0,0.0,0.0,0
10.168.13.199,30.0,0.0,0.0,0.0,0.0,0.0,0
10.168.48.160,30.0,0.0,0.0,0.0,0.0,0.0,0
10.23.106.55,30.0,0.0,0.0,0.0,0.0,0.0,0
10.23.12.43,30.0,0.0,0.0,0.0,0.0,0.0,0
10.23.130.74,30.0,0.0,0.0,0.0,0.0,0.0,0
10.23.139.192,30.0,0.0,0.0,0.0,0.0,0.0,0
10.23.20.92,30.0,0.0,0.0,0.0,0.0,0.0,0
10.23.24.236,30.0,0.0,0.0,0.0,0.0,0.0,0
10.23.60.88,30.0,0.0,0.0,0.0,0.0,0.0,0
10.23.64.58,30.0,0.0,0.0,0.0,0.0,0.0,0
10.28.118.2,30.0,0.0,0.0,0.0,0.0,0.0,0
10.28.160.211,30.0,0.0,0.0,0.0,0.0,0.0,0
10.28.31.72,30.0,0.0,0.0,0.0,0.0,0.0,0
10.28.48.34,30.0,0.0,0.0,0.0,0.0,0.0,0
10.8.0.98,0.0,0.0,0.0,10.0,0.0,0.0,0
101.1.112.249,0.0,0.0,0.0,10.0,0.0,0.0,0
101.1.145.1,0.0,0.0,0.0,10.0,0.0,0.0,0
101.1.177.24,0.0,0.0,0.0,10.0,0.0,0.0,0
101.1.200.178,0.0,0.0,0.0,10.0,0.0,0.0,0
101.1.203.71,0.0,0.0,0.0,10.0,0.0,0.0,0
101.1.208.69,0.0,0.0,0.0,10.0,0.0,0.0,0
101.1.216.162,0.0,0.0,0.0,10.0,0.0,0.0,0
101.1.219.5,0.0,0.0,0.0,10.0,0.0,0.0,0
101.1.224.66,0.0,0.0,0.0,10.0,0.0,0.0,0
101.1.234.230,0.0,0.0,0.0,10.0,0.0,0.0,0
101.1.237.227,0.0,0.0,0.0,10.0,0.0,0.0,0
101.1.249.171,0.0,0.0,0.0,10.0,0.0,0.0,0
101.1.255.4,0.0,0.0,0.0,10.0,0.0,0.0,0
101.1.75.29,0.0,0.0,0.0,10.0,0.0,0.0,0
101.1.9.191,0.0,0.0,0.0,10.0,0.0,0.0,0
101.10.120.254,0.0,0.0,0.0,10.0,0.0,0.0,0
101.10.212.216,0.0,0.0,0.0,10.0,0.0,0.0,0
101.10.233.132,0.0,0.0,0.0,10.0,0.0,0.0,0
101.10.28.227,0.0,0.0,0.0,10.0,0.0,0.0,0
101.10.64.108,0.0,0.0,0.0,10.0,0.0,0.0,0
101.102.59.212,0.0,0.0,0.0,10.0,0.0,0.0,0
101.108.0.254,0.0,0.0,0.0,10.0,0.0,0.0,0
101.108.107.120,0.0,0.0,0.0,10.0,0.0,0.0,0
101.108.109.21,0.0,0.0,0.0,10.0,0.0,0.0,0
101.108.113.148,0.0,0.0,0.0,10.0,0.0,0.0,0
101.108.129.4,0.0,0.0,0.0,10.0,0.0,0.0,0
101.108.144.247,0.0,0.0,0.0,10.0,0.0,0.0,0
101.108.145.55,0.0,0.0,0.0,10.0,0.0,0.0,0
101.108.15.66,0.0,0.0,0.0,10.0,0.0,0.0,0
101.108.161.90,0.0,0.0,0.0,10.0,0.0,0.0,0
101.108.163.133,0.0,0.0,0.0,10.0,0.0,0.0,0
101.108.164.154,0.0,0.0,0.0,10.0,0.0,0.0,0
101.108.169.20,0.0,0.0,0.0,10.0,0.0,0.0,0
101.108.17.71,0.0,0.0,0.0,10.0,0.0,0.0,0
101.108.17.83,0.0,0.0,0.0,10.0,0.0,0.0,0
101.108.170.63,0.0,0.0,0.0,10.0,0.0,0.0,0
101.108.174.190,0.0,0.0,0.0,10.0,0.0,0.0,0
101.108.19.164,0.0,0.0,0.0,10.0,0.0,0.0,0
101.108.193.31,0.0,0.0,0.0,10.0,0.0,0.0,0
101.108.194.105,0.0,0.0,0.0,10.0,0.0,0.0,0
101.108.196.152,0.0,0.0,0.0,10.0,0.0,0.0,0
101.108.199.16,0.0,0.0,0.0,10.0,0.0,0.0,0
101.108.202.119,0.0,0.0,0.0,10.0,0.0,0.0,0
101.108.21.199,0.0,0.0,0.0,10.0,0.0,0.0,0
101.108.227.60,0.0,0.0,0.0,10.0,0.0,0.0,0
101.108.23.49,0.0,0.0,0.0,10.0,0.0,0.0,0
101.108.233.70,0.0,0.0,0.0,10.0,0.0,0.0,0
101.108.239.1,0.0,0.0,0.0,10.0,0.0,0.0,0
101.108.27.94,0.0,0.0,0.0,10.0,0.0,0.0,0
101.108.37.255,0.0,0.0,0.0,10.0,0.0,0.0,0
101.108.38.80,0.0,0.0,0.0,10.0,0.0,0.0,0
101.108.39.65,0.0,0.0,0.0,10.0,0.0,0.0,0
101.108.47.193,0.0,0.0,0.0,10.0,0.0,0.0,0
101.108.48.50,0.0,0.0,0.0,10.0,0.0,0.0,0
101.108.50.0,0.0,0.0,0.0,10.0,0.0,0.0,0
101.108.50.204,0.0,0.0,0.0,10.0,0.0,0.0,0
101.108.50.37,0.0,0.0,0.0,10.0,0.0,0.0,0
101.108.55.174,0.0,0.0,0.0,10.0,0.0,0.0,0
101.108.58.0,0.0,0.0,0.0,10.0,0.0,0.0,0
101.108.59.187,0.0,0.0,0.0,10.0,0.0,0.0,0
101.108.59.228,0.0,0.0,0.0,10.0,0.0,0.0,0
101.108.65.119,0.0,0.0,0.0,10.0,0.0,0.0,0
101.108.7.1,0.0,0.0,0.0,10.0,0.0,0.0,0
101.108.71.121,0.0,0.0,0.0,10.0,0.0,0.0,0
101.108.74.217,0.0,0.0,0.0,10.0,0.0,0.0,0
101.109.111.32,0.0,0.0,0.0,10.0,0.0,0.0,0
101.109.13.226,0.0,0.0,0.0,10.0,0.0,0.0,0
101.109.131.118,0.0,0.0,0.0,10.0,0.0,0.0,0
101.109.135.255,0.0,0.0,0.0,10.0,0.0,0.0,0
101.109.138.3,0.0,0.0,0.0,10.0,0.0,0.0,0
101.109.139.251,0.0,0.0,0.0,10.0,0.0,0.0,0
101.109.147.247,0.0,0.0,0.0,10.0,0.0,0.0,0
101.109.148.239,0.0,0.0,0.0,10.0,0.0,0.0,0
101.109.15.44,0.0,0.0,0.0,10.0,0.0,0.0,0
101.109.150.181,0.0,0.0,0.0,10.0,0.0,0.0,0
101.109.152.153,0.0,0.0,0.0,10.0,0.0,0.0,0
101.109.157.216,0.0,0.0,0.0,10.0,0.0,0.0,0
101.109.162.165,0.0,0.0,0.0,10.0,0.0,0.0,0
101.109.181.19,0.0,0.0,0.0,10.0,0.0,0.0,0
101.109.183.156,0.0,0.0,0.0,10.0,0.0,0.0,0
101.109.197.205,0.0,0.0,0.0,10.0,0.0,0.0,0
101.109.2.189,0.0,0.0,0.0,10.0,0.0,0.0,0
101.109.206.190,0.0,0.0,0.0,10.0,0.0,0.0,0
101.109.216.181,0.0,0.0,0.0,10.0,0.0,0.0,0
101.109.217.244,0.0,0.0,0.0,10.0,0.0,0.0,0
101.109.219.128,0.0,0.0,0.0,10.0,0.0,0.0,0
101.109.220.67,0.0,0.0,0.0,10.0,0.0,0.0,0
101.109.26.229,0.0,0.0,0.0,10.0,0.0,0.0,0
101.109.32.143,0.0,0.0,0.0,10.0,0.0,0.0,0
101.109.32.183,0.0,0.0,0.0,10.0,0.0,0.0,0
101.109.39.91,0.0,0.0,0.0,10.0,0.0,0.0,0
101.109.4.249,0.0,0.0,0.0,10.0,0.0,0.0,0
101.109.43.130,0.0,0.0,0.0,10.0,0.0,0.0,0
101.109.67.184,0.0,0.0,0.0,10.0,0.0,0.0,0
101.109.69.62,0.0,0.0,0.0,10.0,0.0,0.0,0
101.109.7.225,0.0,0.0,0.0,10.0,0.0,0.0,0
101.109.71.154,0.0,0.0,0.0,10.0,0.0,0.0,0
101.109.72.194,0.0,0.0,0.0,10.0,0.0,0.0,0
101.109.72.72,0.0,0.0,0.0,10.0,0.0,0.0,0
101.109.78.165,0.0,0.0,0.0,10.0,0.0,0.0,0
101.109.80.102,0.0,0.0,0.0,10.0,0.0,0.0,0
101.109.80.63,0.0,0.0,0.0,10.0,0.0,0.0,0
101.109.81.47,0.0,0.0,0.0,10.0,0.0,0.0,0
101.109.86.158,0.0,0.0,0.0,10.0,0.0,0.0,0
101.109.86.23,0.0,0.0,0.0,10.0,0.0,0.0,0
101.109.87.19,0.0,0.0,0.0,10.0,0.0,0.0,0
101.109.92.122,0.0,0.0,0.0,10.0,0.0,0.0,0
101.109.94.104,0.0,0.0,0.0,10.0,0.0,0.0,0
101.11.171.168,0.0,0.0,0.0,10.0,0.0,0.0,0
101.11.179.80,0.0,0.0,0.0,10.0,0.0,0.0,0
101.11.195.208,0.0,0.0,0.0,10.0,0.0,0.0,0
101.11.196.109,0.0,0.0,0.0,10.0,0.0,0.0,0
101.11.223.143,0.0,0.0,0.0,10.0,0.0,0.0,0
101.11.76.121,0.0,0.0,0.0,10.0,0.0,0.0,0
101.111.10.224,0.0,0.0,0.0,10.0,0.0,0.0,0
101.111.18.40,0.0,0.0,0.0,10.0,0.0,0.0,0
101.115.165.20,0.0,0.0,0.0,10.0,0.0,0.0,0
101.115.165.26,0.0,0.0,0.0,10.0,0.0,0.0,0
101.115.165.28,0.0,0.0,0.0,10.0,0.0,0.0,0
101.115.165.36,0.0,0.0,0.0,10.0,0.0,0.0,0
101.115.165.39,0.0,0.0,0.0,10.0,0.0,0.0,0
101.115.165.48,0.0,0.0,0.0,10.0,0.0,0.0,0
101.115.165.51,0.0,0.0,0.0,10.0,0.0,0.0,0
101.115.165.84,0.0,0.0,0.0,10.0,0.0,0.0,0
101.118.125.196,0.0,0.0,0.0,10.0,0.0,0.0,0
101.118.14.72,0.0,0.0,0.0,10.0,0.0,0.0,0
101.118.171.32,0.0,0.0,0.0,10.0,0.0,0.0,0
101.118.228.127,0.0,0.0,0.0,10.0,0.0,0.0,0
101.118.43.98,0.0,0.0,0.0,10.0,0.0,0.0,0
101.118.54.207,0.0,0.0,0.0,10.0,0.0,0.0,0
101.118.62.255,0.0,0.0,0.0,10.0,0.0,0.0,0
101.118.67.204,0.0,0.0,0.0,10.0,0.0,0.0,0
101.118.73.119,0.0,0.0,0.0,10.0,0.0,0.0,0
101.118.89.52,0.0,0.0,0.0,10.0,0.0,0.0,0
101.12.183.145,0.0,0.0,0.0,10.0,0.0,0.0,0
101.12.185.150,0.0,0.0,0.0,10.0,0.0,0.0,0
101.12.241.237,0.0,0.0,0.0,10.0,0.0,0.0,0
101.12.48.239,0.0,0.0,0.0,10.0,0.0,0.0,0
101.128.129.24,0.0,0.0,0.0,10.0,0.0,0.0,0
101.128.132.134,0.0,0.0,0.0,10.0,0.0,0.0,0
101.128.137.115,0.0,0.0,0.0,10.0,0.0,0.0,0
101.128.137.174,0.0,0.0,0.0,10.0,0.0,0.0,0
101.128.137.61,0.0,0.0,0.0,10.0,0.0,0.0,0
101.128.152.68,0.0,0.0,0.0,10.0,0.0,0.0,0
101.128.156.67,0.0,0.0,0.0,10.0,0.0,0.0,0
101.13.157.47,0.0,0.0,0.0,10.0,0.0,0.0,0
101.13.17.251,0.0,0.0,0.0,10.0,0.0,0.0,0
101.13.180.11,0.0,0.0,0.0,10.0,0.0,0.0,0
101.13.38.233,0.0,0.0,0.0,10.0,0.0,0.0,0
101.13.90.174,0.0,0.0,0.0,10.0,0.0,0.0,0
101.140.100.208,0.0,0.0,0.0,10.0,0.0,0.0,0
101.140.15.32,0.0,0.0,0.0,10.0,0.0,0.0,0
101.140.16.43,0.0,0.0,0.0,10.0,0.0,0.0,0
101.140.170.163,0.0,0.0,0.0,10.0,0.0,0.0,0
101.140.18.232,0.0,0.0,0.0,10.0,0.0,0.0,0
101.140.20.151,0.0,0.0,0.0,10.0,0.0,0.0,0
101.140.200.73,0.0,0.0,0.0,10.0,0.0,0.0,0
101.140.210.120,0.0,0.0,0.0,10.0,0.0,0.0,0
101.140.210.56,0.0,0.0,0.0,10.0,0.0,0.0,0
101.140.210.74,0.0,0.0,0.0,10.0,0.0,0.0,0
101.140.247.150,0.0,0.0,0.0,10.0,0.0,0.0,0
101.140.48.206,0.0,0.0,0.0,10.0,0.0,0.0,0
101.140.84.160,0.0,0.0,0.0,10.0,0.0,0.0,0
101.140.86.128,0.0,0.0,0.0,10.0,0.0,0.0,0
101.140.89.47,0.0,0.0,0.0,10.0,0.0,0.0,0
101.140.98.221,0.0,0.0,0.0,10.0,0.0,0.0,0
101.142.13.164,0.0,0.0,0.0,10.0,0.0,0.0,0
101.142.146.200,0.0,0.0,0.0,10.0,0.0,0.0,0
101.142.154.96,0.0,0.0,0.0,10.0,0.0,0.0,0
101.142.165.107,0.0,0.0,0.0,10.0,0.0,0.0,0
101.142.165.133,0.0,0.0,0.0,10.0,0.0,0.0,0
101.142.166.39,0.0,0.0,0.0,10.0,0.0,0.0,0
101.142.167.233,0.0,0.0,0.0,10.0,0.0,0.0,0
101.142.173.177,0.0,0.0,0.0,10.0,0.0,0.0,0
101.142.210.174,0.0,0.0,0.0,10.0,0.0,0.0,0
101.142.215.13,0.0,0.0,0.0,10.0,0.0,0.0,0
101.142.220.13,0.0,0.0,0.0,10.0,0.0,0.0,0
101.142.42.27,0.0,0.0,0.0,10.0,0.0,0.0,0
101.142.5.195,0.0,0.0,0.0,10.0,0.0,0.0,0
101.142.7.129,0.0,0.0,0.0,10.0,0.0,0.0,0
101.142.72.227,0.0,0.0,0.0,10.0,0.0,0.0,0
101.142.72.91,0.0,0.0,0.0,10.0,0.0,0.0,0
101.142.86.41,0.0,0.0,0.0,10.0,0.0,0.0,0
101.142.91.178,0.0,0.0,0.0,10.0,0.0,0.0,0
101.142.92.109,0.0,0.0,0.0,10.0,0.0,0.0,0
101.142.95.154,0.0,0.0,0.0,10.0,0.0,0.0,0
101.142.99.219,0.0,0.0,0.0,10.0,0.0,0.0,0
101.143.240.33,0.0,0.0,0.0,10.0,0.0,0.0,0
101.169.116.94,0.0,0.0,0.0,10.0,0.0,0.0,0
101.169.127.46,0.0,0.0,0.0,10.0,0.0,0.0,0
101.169.133.243,0.0,0.0,0.0,10.0,0.0,0.0,0
101.169.185.29,0.0,0.0,0.0,10.0,0.0,0.0,0
101.169.235.135,0.0,0.0,0.0,10.0,0.0,0.0,0
101.169.24.210,0.0,0.0,0.0,10.0,0.0,0.0,0
101.169.3.117,0.0,0.0,0.0,10.0,0.0,0.0,0
101.169.37.15,0.0,0.0,0.0,10.0,0.0,0.0,0
101.169.37.3,0.0,0.0,0.0,10.0,0.0,0.0,0
101.169.42.99,0.0,0.0,0.0,10.0,0.0,0.0,0
101.169.8.8,0.0,0.0,0.0,10.0,0.0,0.0,0
101.172.86.148,0.0,0.0,0.0,10.0,0.0,0.0,0
101.173.102.126,0.0,0.0,0.0,10.0,0.0,0.0,0
101.173.120.189,0.0,0.0,0.0,10.0,0.0,0.0,0
101.173.165.53,0.0,0.0,0.0,10.0,0.0,0.0,0
101.173.39.97,0.0,0.0,0.0,10.0,0.0,0.0,0
101.173.93.197,0.0,0.0,0.0,10.0,0.0,0.0,0
101.2.119.183,0.0,0.0,0.0,10.0,0.0,0.0,0
101.2.184.130,0.0,0.0,0.0,10.0,0.0,0.0,0
101.2.186.163,0.0,0.0,0.0,10.0,0.0,0.0,0
101.2.187.75,0.0,0.0,0.0,10.0,0.0,0.0,0
101.2.28.96,0.0,0.0,0.0,10.0,0.0,0.0,0
101.208.139.185,0.0,0.0,0.0,10.0,0.0,0.0,0
101.208.60.199,0.0,0.0,0.0,10.0,0.0,0.0,0
101.212.190.166,0.0,0.0,0.0,10.0,0.0,0.0,0
101.224.38.11,0.0,0.0,0.0,10.0,0.0,0.0,0
101.224.40.17,0.0,0.0,0.0,10.0,0.0,0.0,0
101.224.40.85,0.0,0.0,0.0,10.0,0.0,0.0,0
101.224.41.45,0.0,0.0,0.0,10.0,0.0,0.0,0
101.228.94.196,0.0,0.0,0.0,10.0,0.0,0.0,0
101.228.94.52,0.0,0.0,0.0,10.0,0.0,0.0,0
101.44.7.102,0.0,0.0,0.0,10.0,0.0,0.0,0
101.45.20.7,0.0,0.0,0.0,10.0,0.0,0.0,0
101.5.244.145,0.0,0.0,0.0,10.0,0.0,0.0,0
101.50.142.254,0.0,0.0,0.0,10.0,0.0,0.0,0
101.50.155.251,0.0,0.0,0.0,10.0,0.0,0.0,0
101.50.16.77,0.0,0.0,0.0,10.0,0.0,0.0,0
101.50.161.196,0.0,0.0,0.0,10.0,0.0,0.0,0
101.50.17.25,0.0,0.0,0.0,10.0,0.0,0.0,0
101.50.174.90,0.0,0.0,0.0,10.0,0.0,0.0,0
101.51.141.49,0.0,0.0,0.0,10.0,0.0,0.0,0
101.51.142.31,0.0,0.0,0.0,10.0,0.0,0.0,0
101.51.21.94,0.0,0.0,0.0,10.0,0.0,0.0,0
101.51.47.76,0.0,0.0,0.0,10.0,0.0,0.0,0
101.51.82.18,0.0,0.0,0.0,10.0,0.0,0.0,0
101.51.82.27,0.0,0.0,0.0,10.0,0.0,0.0,0
101.51.84.207,0.0,0.0,0.0,10.0,0.0,0.0,0
101.51.92.20,0.0,0.0,0.0,10.0,0.0,0.0,0
101.51.95.148,0.0,0.0,0.0,10.0,0.0,0.0,0
101.51.95.149,0.0,0.0,0.0,10.0,0.0,0.0,0
101.51.97.138,0.0,0.0,0.0,10.0,0.0,0.0,0
101.51.98.253,0.0,0.0,0.0,10.0,0.0,0.0,0
101.51.99.2,0.0,0.0,0.0,10.0,0.0,0.0,0
101.64.3.249,0.0,0.0,0.0,10.0,0.0,0.0,0
101.64.67.196,0.0,0.0,0.0,10.0,0.0,0.0,0
101.8.112.173,0.0,0.0,0.0,10.0,0.0,0.0,0
101.8.14.154,0.0,0.0,0.0,10.0,0.0,0.0,0
101.8.151.247,0.0,0.0,0.0,10.0,0.0,0.0,0
101.8.178.6,0.0,0.0,0.0,10.0,0.0,0.0,0
101.8.189.207,0.0,0.0,0.0,10.0,0.0,0.0,0
101.8.210.113,0.0,0.0,0.0,10.0,0.0,0.0,0
101.8.228.39,0.0,0.0,0.0,10.0,0.0,0.0,0
101.8.61.18,0.0,0.0,0.0,10.0,0.0,0.0,0
101.8.92.23,0.0,0.0,0.0,10.0,0.0,0.0,0
101.8.94.151,0.0,0.0,0.0,10.0,0.0,0.0,0
101.9.112.245,0.0,0.0,0.0,10.0,0.0,0.0,0
101.96.61.155,0.0,0.0,0.0,10.0,0.0,0.0,0
101.99.128.208,0.0,0.0,0.0,10.0,0.0,0.0,0
101.99.129.190,0.0,0.0,0.0,10.0,0.0,0.0,0
101.99.137.53,0.0,0.0,0.0,10.0,0.0,0.0,0
101.99.142.185,0.0,0.0,0.0,10.0,0.0,0.0,0
101.99.144.155,0.0,0.0,0.0,10.0,0.0,0.0,0
101.99.52.28,0.0,0.0,0.0,10.0,0.0,0.0,0
103.1.164.199,0.0,0.0,0.0,10.0,0.0,0.0,0
103.1.164.200,0.0,0.0,0.0,10.0,0.0,0.0,0
103.1.165.199,0.0,0.0,0.0,10.0,0.0,0.0,0
103.1.165.200,0.0,0.0,0.0,10.0,0.0,0.0,0
103.1.166.199,0.0,0.0,0.0,10.0,0.0,0.0,0
103.1.166.200,0.0,0.0,0.0,10.0,0.0,0.0,0
103.1.167.199,0.0,0.0,0.0,10.0,0.0,0.0,0
103.1.167.200,0.0,0.0,0.0,10.0,0.0,0.0,0
103.1.6.2,0.0,0.0,0.0,10.0,0.0,0.0,0
103.246.107.2,0.0,0.0,0.0,10.0,0.0,0.0,0
103.29.98.70,0.0,0.0,0.0,10.0,0.0,0.0,0
103.3.232.63,0.0,0.0,0.0,10.0,0.0,0.0,0
105.137.114.1,0.0,0.0,0.0,10.0,0.0,0.0,0
105.137.117.224,0.0,0.0,0.0,10.0,0.0,0.0,0
105.137.222.66,0.0,0.0,0.0,10.0,0.0,0.0,0
105.137.9.33,0.0,0.0,0.0,10.0,0.0,0.0,0
105.138.104.192,0.0,0.0,0.0,10.0,0.0,0.0,0
105.138.151.192,0.0,0.0,0.0,10.0,0.0,0.0,0
105.138.157.99,0.0,0.0,0.0,10.0,0.0,0.0,0
105.138.192.65,0.0,0.0,0.0,10.0,0.0,0.0,0
105.138.240.128,0.0,0.0,0.0,10.0,0.0,0.0,0
105.138.59.96,0.0,0.0,0.0,10.0,0.0,0.0,0
105.139.140.35,0.0,0.0,0.0,10.0,0.0,0.0,0
105.139.24.1,0.0,0.0,0.0,10.0,0.0,0.0,0
105.139.29.128,0.0,0.0,0.0,10.0,0.0,0.0,0
105.139.50.65,0.0,0.0,0.0,10.0,0.0,0.0,0
105.141.17.100,0.0,0.0,0.0,10.0,0.0,0.0,0
105.141.228.66,0.0,0.0,0.0,10.0,0.0,0.0,0
105.142.158.128,0.0,0.0,0.0,10.0,0.0,0.0,0
105.142.16.225,0.0,0.0,0.0,10.0,0.0,0.0,0
105.142.201.66,0.0,0.0,0.0,10.0,0.0,0.0,0
105.143.131.160,0.0,0.0,0.0,10.0,0.0,0.0,0
105.143.28.160,0.0,0.0,0.0,10.0,0.0,0.0,0
105.143.34.163,0.0,0.0,0.0,10.0,0.0,0.0,0
105.143.75.64,0.0,0.0,0.0,10.0,0.0,0.0,0
106.128.14.165,0.0,0.0,0.0,10.0,0.0,0.0,0
106.128.213.41,0.0,0.0,0.0,10.0,0.0,0.0,0
106.129.147.124,0.0,0.0,0.0,10.0,0.0,0.0,0
106.130.201.248,0.0,0.0,0.0,10.0,0.0,0.0,0
106.131.240.130,0.0,0.0,0.0,10.0,0.0,0.0,0
106.131.65.137,0.0,0.0,0.0,10.0,0.0,0.0,0
106.132.197.226,0.0,0.0,0.0,10.0,0.0,0.0,0
106.132.249.53,0.0,0.0,0.0,10.0,0.0,0.0,0
106.132.48.208,0.0,0.0,0.0,10.0,0.0,0.0,0
106.133.90.236,0.0,0.0,0.0,10.0,0.0,0.0,0
106.138.131.143,0.0,0.0,0.0,10.0,0.0,0.0,0
106.142.103.116,0.0,0.0,0.0,10.0,0.0,0.0,0
106.142.250.247,0.0,0.0,0.0,10.0,0.0,0.0,0
106.143.61.60,0.0,0.0,0.0,10.0,0.0,0.0,0
106.144.115.119,0.0,0.0,0.0,10.0,0.0,0.0,0
106.144.19.151,0.0,0.0,0.0,10.0,0.0,0.0,0
106.147.228.215,0.0,0.0,0.0,10.0,0.0,0.0,0
106.149.11.89,0.0,0.0,0.0,10.0,0.0,0.0,0
106.149.191.33,0.0,0.0,0.0,10.0,0.0,0.0,0
106.154.0.178,0.0,0.0,0.0,10.0,0.0,0.0,0
106.154.125.165,0.0,0.0,0.0,10.0,0.0,0.0,0
106.154.136.205,0.0,0.0,0.0,10.0,0.0,0.0,0
106.154.195.126,0.0,0.0,0.0,10.0,0.0,0.0,0
106.154.248.113,0.0,0.0,0.0,10.0,0.0,0.0,0
106.154.28.7,0.0,0.0,0.0,10.0,0.0,0.0,0
106.154.34.47,0.0,0.0,0.0,10.0,0.0,0.0,0
106.155.112.116,0.0,0.0,0.0,10.0,0.0,0.0,0
106.155.204.30,0.0,0.0,0.0,10.0,0.0,0.0,0
106.155.37.141,0.0,0.0,0.0,10.0,0.0,0.0,0
106.156.128.72,0.0,0.0,0.0,10.0,0.0,0.0,0
106.157.17.120,0.0,0.0,0.0,10.0,0.0,0.0,0
106.158.117.240,0.0,0.0,0.0,10.0,0.0,0.0,0
106.158.128.136,0.0,0.0,0.0,10.0,0.0,0.0,0
106.158.243.191,0.0,0.0,0.0,10.0,0.0,0.0,0
106.159.201.131,0.0,0.0,0.0,10.0,0.0,0.0,0
106.159.236.107,0.0,0.0,0.0,10.0,0.0,0.0,0
106.172.102.185,0.0,0.0,0.0,10.0,0.0,0.0,0
106.172.105.141,0.0,0.0,0.0,10.0,0.0,0.0,0
106.172.152.57,0.0,0.0,0.0,10.0,0.0,0.0,0
106.70.203.161,0.0,0.0,0.0,10.0,0.0,0.0,0
106.70.208.178,0.0,0.0,0.0,10.0,0.0,0.0,0
106.70.240.118,0.0,0.0,0.0,10.0,0.0,0.0,0
106.70.51.120,0.0,0.0,0.0,10.0,0.0,0.0,0
106.71.12.65,0.0,0.0,0.0,10.0,0.0,0.0,0
106.71.132.153,0.0,0.0,0.0,10.0,0.0,0.0,0
106.71.182.96,0.0,0.0,0.0,10.0,0.0,0.0,0
106.71.5.160,0.0,0.0,0.0,10.0,0.0,0.0,0
106.71.52.24,0.0,0.0,0.0,10.0,0.0,0.0,0
106.76.104.96,0.0,0.0,0.0,10.0,0.0,0.0,0
106.76.171.78,0.0,0.0,0.0,10.0,0.0,0.0,0
106.76.178.46,0.0,0.0,0.0,10.0,0.0,0.0,0
106.76.87.168,0.0,0.0,0.0,10.0,0.0,0.0,0
107.10.12.186,0.0,0.0,0.0,10.0,0.0,0.0,0
107.10.12.75,0.0,0.0,0.0,10.0,0.0,0.0,0
107.10.127.104,0.0,0.0,0.0,10.0,0.0,0.0,0
107.10.13.159,0.0,0.0,0.0,10.0,0.0,0.0,0
107.10.19.125,0.0,0.0,0.0,10.0,0.0,0.0,0
107.10.192.247,0.0,0.0,0.0,10.0,0.0,0.0,0
107.10.231.123,0.0,0.0,0.0,10.0,0.0,0.0,0
107.10.232.107,0.0,0.0,0.0,10.0,0.0,0.0,0
107.10.249.39,0.0,0.0,0.0,10.0,0.0,0.0,0
107.10.29.185,0.0,0.0,0.0,10.0,0.0,0.0,0
107.10.49.253,0.0,0.0,0.0,10.0,0.0,0.0,0
107.10.51.155,0.0,0.0,0.0,10.0,0.0,0.0,0
107.10.73.43,0.0,0.0,0.0,10.0,0.0,0.0,0
107.10.76.69,0.0,0.0,0.0,10.0,0.0,0.0,0
107.10.96.196,0.0,0.0,0.0,10.0,0.0,0.0,0
107.10.98.201,0.0,0.0,0.0,10.0,0.0,0.0,0
107.17.13.75,0.0,0.0,0.0,10.0,0.0,0.0,0
107.18.31.67,0.0,0.0,0.0,10.0,0.0,0.0,0
107.2.144.27,0.0,0.0,0.0,10.0,0.0,0.0,0
107.2.157.48,0.0,0.0,0.0,10.0,0.0,0.0,0
107.2.162.217,0.0,0.0,0.0,10.0,0.0,0.0,0
107.2.173.27,0.0,0.0,0.0,10.0,0.0,0.0,0
107.2.173.65,0.0,0.0,0.0,10.0,0.0,0.0,0
107.2.183.110,0.0,0.0,0.0,10.0,0.0,0.0,0
107.2.192.144,0.0,0.0,0.0,10.0,0.0,0.0,0
107.2.210.59,0.0,0.0,0.0,10.0,0.0,0.0,0
107.20.249.207,0.0,0.0,0.0,10.0,0.0,0.0,0
107.20.249.56,0.0,0.0,0.0,10.0,0.0,0.0,0
107.20.249.63,0.0,0.0,0.0,10.0,0.0,0.0,0
107.20.249.77,0.0,0.0,0.0,10.0,0.0,0.0,0
107.27.213.113,0.0,0.0,0.0,10.0,0.0,0.0,0
107.27.47.121,0.0,0.0,0.0,10.0,0.0,0.0,0
107.28.134.114,0.0,0.0,0.0,10.0,0.0,0.0,0
107.29.122.74,0.0,0.0,0.0,10.0,0.0,0.0,0
107.29.18.50,0.0,0.0,0.0,10.0,0.0,0.0,0
107.3.132.20,0.0,0.0,0.0,10.0,0.0,0.0,0
107.3.136.184,0.0,0.0,0.0,10.0,0.0,0.0,0
107.3.146.17,0.0,0.0,0.0,10.0,0.0,0.0,0
107.3.200.53,0.0,0.0,0.0,10.0,0.0,0.0,0
107.3.201.38,0.0,0.0,0.0,10.0,0.0,0.0,0
107.3.214.28,0.0,0.0,0.0,10.0,0.0,0.0,0
107.3.22.255,0.0,0.0,0.0,10.0,0.0,0.0,0
107.3.40.46,0.0,0.0,0.0,10.0,0.0,0.0,0
107.3.42.206,0.0,0.0,0.0,10.0,0.0,0.0,0
107.3.67.111,0.0,0.0,0.0,10.0,0.0,0.0,0
107.3.86.147,0.0,0.0,0.0,10.0,0.0,0.0,0
107.3.93.253,0.0,0.0,0.0,10.0,0.0,0.0,0
107.3.98.148,0.0,0.0,0.0,10.0,0.0,0.0,0
107.30.106.191,0.0,0.0,0.0,10.0,0.0,0.0,0
107.30.179.209,0.0,0.0,0.0,10.0,0.0,0.0,0
107.31.142.211,0.0,0.0,0.0,10.0,0.0,0.0,0
107.31.229.255,0.0,0.0,0.0,10.0,0.0,0.0,0
107.31.83.247,0.0,0.0,0.0,10.0,0.0,0.0,0
107.32.193.90,0.0,0.0,0.0,10.0,0.0,0.0,0
107.32.211.208,0.0,0.0,0.0,10.0,0.0,0.0,0
107.33.150.31,0.0,0.0,0.0,10.0,0.0,0.0,0
107.34.90.195,0.0,0.0,0.0,10.0,0.0,0.0,0
107.37.125.2,0.0,0.0,0.0,10.0,0.0,0.0,0
107.38.88.87,0.0,0.0,0.0,10.0,0.0,0.0,0
107.39.237.206,0.0,0.0,0.0,10.0,0.0,0.0,0
107.39.4.189,0.0,0.0,0.0,10.0,0.0,0.0,0
107.4.102.161,0.0,0.0,0.0,10.0,0.0,0.0,0
107.4.107.0,0.0,0.0,0.0,10.0,0.0,0.0,0
107.4.140.14,0.0,0.0,0.0,10.0,0.0,0.0,0
107.4.23.239,0.0,0.0,0.0,10.0,0.0,0.0,0
107.4.42.20,0.0,0.0,0.0,10.0,0.0,0.0,0
107.4.46.17,0.0,0.0,0.0,10.0,0.0,0.0,0
107.4.73.220,0.0,0.0,0.0,10.0,0.0,0.0,0
107.43.238.162,0.0,0.0,0.0,10.0,0.0,0.0,0
107.44.181.199,0.0,0.0,0.0,10.0,0.0,0.0,0
107.45.116.206,0.0,0.0,0.0,10.0,0.0,0.0,0
107.45.133.58,0.0,0.0,0.0,10.0,0.0,0.0,0
107.45.239.78,0.0,0.0,0.0,10.0,0.0,0.0,0
107.46.120.50,0.0,0.0,0.0,10.0,0.0,0.0,0
107.46.224.116,0.0,0.0,0.0,10.0,0.0,0.0,0
107.48.207.107,0.0,0.0,0.0,10.0,0.0,0.0,0
107.49.238.168,0.0,0.0,0.0,10.0,0.0,0.0,0
107.49.25.9,0.0,0.0,0.0,10.0,0.0,0.0,0
107.5.136.107,0.0,0.0,0.0,10.0,0.0,0.0,0
107.5.141.112,0.0,0.0,0.0,10.0,0.0,0.0,0
107.5.145.85,0.0,0.0,0.0,10.0,0.0,0.0,0
107.5.177.161,0.0,0.0,0.0,10.0,0.0,0.0,0
107.5.197.220,0.0,0.0,0.0,10.0,0.0,0.0,0
107.5.213.34,0.0,0.0,0.0,10.0,0.0,0.0,0
107.5.245.220,0.0,0.0,0.0,10.0,0.0,0.0,0
107.5.36.243,0.0,0.0,0.0,10.0,0.0,0.0,0
107.5.36.70,0.0,0.0,0.0,10.0,0.0,0.0,0
107.5.40.123,0.0,0.0,0.0,10.0,0.0,0.0,0
107.5.44.27,0.0,0.0,0.0,10.0,0.0,0.0,0
107.5.73.163,0.0,0.0,0.0,10.0,0.0,0.0,0
107.51.241.118,0.0,0.0,0.0,10.0,0.0,0.0,0
107.53.211.214,0.0,0.0,0.0,10.0,0.0,0.0,0
107.53.84.8,0.0,0.0,0.0,10.0,0.0,0.0,0
107.55.93.142,0.0,0.0,0.0,10.0,0.0,0.0,0
107.56.214.179,0.0,0.0,0.0,10.0,0.0,0.0,0
107.57.91.212,0.0,0.0,0.0,10.0,0.0,0.0,0
107.60.100.139,0.0,0.0,0.0,10.0,0.0,0.0,0
107.60.141.83,0.0,0.0,0.0,10.0,0.0,0.0,0
107.60.26.78,0.0,0.0,0.0,10.0,0.0,0.0,0
107.61.170.12,0.0,0.0,0.0,10.0,0.0,0.0,0
107.61.233.136,0.0,0.0,0.0,10.0,0.0,0.0,0
107.62.6.85,0.0,0.0,0.0,10.0,0.0,0.0,0
107.63.1.143,0.0,0.0,0.0,10.0,0.0,0.0,0
107.63.141.38,0.0,0.0,0.0,10.0,0.0,0.0,0
107.63.186.36,0.0,0.0,0.0,10.0,0.0,0.0,0
107.63.19.200,0.0,0.0,0.0,10.0,0.0,0.0,0
107.63.192.149,0.0,0.0,0.0,10.0,0.0,0.0,0
107.63.246.175,0.0,0.0,0.0,10.0,0.0,0.0,0
107.8.126.210,0.0,0.0,0.0,10.0,0.0,0.0,0
107.8.136.83,0.0,0.0,0.0,10.0,0.0,0.0,0
107.8.195.65,0.0,0.0,0.0,10.0,0.0,0.0,0
107.8.206.20,0.0,0.0,0.0,10.0,0.0,0.0,0
107.8.208.119,0.0,0.0,0.0,10.0,0.0,0.0,0
107.8.217.105,0.0,0.0,0.0,10.0,0.0,0.0,0
107.8.241.148,0.0,0.0,0.0,10.0,0.0,0.0,0
107.8.251.196,0.0,0.0,0.0,10.0,0.0,0.0,0
107.8.252.30,0.0,0.0,0.0,10.0,0.0,0.0,0
107.8.49.72,0.0,0.0,0.0,10.0,0.0,0.0,0
107.8.5.216,0.0,0.0,0.0,10.0,0.0,0.0,0
107.9.133.155,0.0,0.0,0.0,10.0,0.0,0.0,0
107.9.143.39,0.0,0.0,0.0,10.0,0.0,0.0,0
107.9.154.29,0.0,0.0,0.0,10.0,0.0,0.0,0
107.9.17.104,0.0,0.0,0.0,10.0,0.0,0.0,0
107.9.211.147,0.0,0.0,0.0,10.0,0.0,0.0,0
107.9.226.24,0.0,0.0,0.0,10.0,0.0,0.0,0
107.9.25.150,0.0,0.0,0.0,10.0,0.0,0.0,0
107.9.31.202,0.0,0.0,0.0,10.0,0.0,0.0,0
107.9.5.54,0.0,0.0,0.0,10.0,0.0,0.0,0
108.0.104.89,0.0,0.0,0.0,10.0,0.0,0.0,0
108.0.107.58,0.0,0.0,0.0,10.0,0.0,0.0,0
108.0.114.6,0.0,0.0,0.0,10.0,0.0,0.0,0
108.0.116.8,0.0,0.0,0.0,10.0,0.0,0.0,0
108.0.126.82,0.0,0.0,0.0,10.0,0.0,0.0,0
108.0.145.65,0.0,0.0,0.0,10.0,0.0,0.0,0
108.0.190.4,0.0,0.0,0.0,10.0,0.0,0.0,0
108.0.2.218,0.0,0.0,0.0,10.0,0.0,0.0,0
108.0.20.157,0.0,0.0,0.0,10.0,0.0,0.0,0
108.0.218.231,0.0,0.0,0.0,10.0,0.0,0.0,0
108.0.221.67,0.0,0.0,0.0,10.0,0.0,0.0,0
108.0.5.229,0.0,0.0,0.0,10.0,0.0,0.0,0
108.0.76.182,0.0,0.0,0.0,10.0,0.0,0.0,0
108.0.84.221,0.0,0.0,0.0,10.0,0.0,0.0,0
108.0.85.40,0.0,0.0,0.0,10.0,0.0,0.0,0
108.1.154.92,0.0,0.0,0.0,10.0,0.0,0.0,0
108.1.217.201,0.0,0.0,0.0,10.0,0.0,0.0,0
108.1.240.21,0.0,0.0,0.0,10.0,0.0,0.0,0
108.1.93.82,0.0,0.0,0.0,10.0,0.0,0.0,0
108.10.225.214,0.0,0.0,0.0,10.0,0.0,0.0,0
108.10.232.44,0.0,0.0,0.0,10.0,0.0,0.0,0
108.10.246.101,0.0,0.0,0.0,10.0,0.0,0.0,0
108.101.105.226,0.0,0.0,0.0,10.0,0.0,0.0,0
108.101.143.109,0.0,0.0,0.0,10.0,0.0,0.0,0
108.101.253.254,0.0,0.0,0.0,10.0,0.0,0.0,0
108.105.130.242,0.0,0.0,0.0,10.0,0.0,0.0,0
108.105.172.221,0.0,0.0,0.0,10.0,0.0,0.0,0
108.107.221.56,0.0,0.0,0.0,10.0,0.0,0.0,0
108.108.148.132,0.0,0.0,0.0,10.0,0.0,0.0,0
108.108.204.149,0.0,0.0,0.0,10.0,0.0,0.0,0
108.108.210.171,0.0,0.0,0.0,10.0,0.0,0.0,0
108.11.1.106,0.0,0.0,0.0,10.0,0.0,0.0,0
108.11.170.247,0.0,0.0,0.0,10.0,0.0,0.0,0
108.11.187.48,0.0,0.0,0.0,10.0,0.0,0.0,0
108.11.194.4,0.0,0.0,0.0,10.0,0.0,0.0,0
108.11.202.215,0.0,0.0,0.0,10.0,0.0,0.0,0
108.11.230.229,0.0,0.0,0.0,10.0,0.0,0.0,0
108.11.41.251,0.0,0.0,0.0,10.0,0.0,0.0,0
108.110.175.148,0.0,0.0,0.0,10.0,0.0,0.0,0
108.111.74.186,0.0,0.0,0.0,10.0,0.0,0.0,0
108.113.201.250,9.0,0.0,1.0,0.0,0.0,0.0,0
108.113.49.49,9.0,0.0,1.0,0.0,0.0,0.0,0
108.114.182.190,9.0,0.0,1.0,0.0,0.0,0.0,0
108.115.87.78,9.0,0.0,1.0,0.0,0.0,0.0,0
108.115.97.209,9.0,0.0,1.0,0.0,0.0,0.0,0
108.117.15.240,9.0,0.0,1.0,0.0,0.0,0.0,0
108.117.228.241,9.0,0.0,1.0,0.0,0.0,0.0,0
108.117.48.151,9.0,0.0,1.0,0.0,0.0,0.0,0
108.118.149.25,9.0,0.0,1.0,0.0,0.0,0.0,0
108.118.197.85,9.0,0.0,1.0,0.0,0.0,0.0,0
108.119.187.141,9.0,0.0,1.0,0.0,0.0,0.0,0
108.12.196.82,9.0,0.0,1.0,0.0,0.0,0.0,0
108.12.246.14,9.0,0.0,1.0,0.0,0.0,0.0,0
108.120.169.31,9.0,0.0,1.0,0.0,0.0,0.0,0
108.121.49.213,9.0,0.0,1.0,0.0,0.0,0.0,0
108.121.60.202,9.0,0.0,1.0,0.0,0.0,0.0,0
108.123.165.33,9.0,0.0,1.0,0.0,0.0,0.0,0
108.124.3.176,9.0,0.0,1.0,0.0,0.0,0.0,0
108.126.29.54,9.0,0.0,1.0,0.0,0.0,0.0,0
108.128.196.17,9.0,0.0,1.0,0.0,0.0,0.0,0
108.128.33.56,9.0,0.0,1.0,0.0,0.0,0.0,0
108.128.35.103,9.0,0.0,1.0,0.0,0.0,0.0,0
108.128.65.103,9.0,0.0,1.0,0.0,0.0,0.0,0
108.128.67.15,9.0,0.0,1.0,0.0,0.0,0.0,0
108.128.98.100,9.0,0.0,1.0,0.0,0.0,0.0,0
108.129.14.16,9.0,0.0,1.0,0.0,0.0,0.0,0
108.129.36.178,9.0,0.0,1.0,0.0,0.0,0.0,0
108.129.39.127,9.0,0.0,1.0,0.0,0.0,0.0,0
108.129.94.12,9.0,0.0,1.0,0.0,0.0,0.0,0
108.129.98.131,9.0,0.0,1.0,0.0,0.0,0.0,0
108.129.98.56,9.0,0.0,1.0,0.0,0.0,0.0,0
108.13.161.249,9.0,0.0,1.0,0.0,0.0,0.0,0
108.13.211.227,9.0,0.0,1.0,0.0,0.0,0.0,0
108.13.227.39,9.0,0.0,1.0,0.0,0.0,0.0,0
108.13.243.229,9.0,0.0,1.0,0.0,0.0,0.0,0
108.13.248.125,9.0,0.0,1.0,0.0,0.0,0.0,0
108.13.38.138,9.0,0.0,1.0,0.0,0.0,0.0,0
108.13.39.85,9.0,0.0,1.0,0.0,0.0,0.0,0
108.13.49.143,9.0,0.0,1.0,0.0,0.0,0.0,0
108.13.99.253,9.0,0.0,1.0,0.0,0.0,0.0,0
108.132.12.108,9.0,0.0,1.0,0.0,0.0,0.0,0
108.132.206.15,9.0,0.0,1.0,0.0,0.0,0.0,0
108.132.38.91,9.0,0.0,1.0,0.0,0.0,0.0,0
108.132.41.91,9.0,0.0,1.0,0.0,0.0,0.0,0
108.132.44.230,9.0,0.0,1.0,0.0,0.0,0.0,0
108.14.176.232,9.0,0.0,1.0,0.0,0.0,0.0,0
108.14.187.48,9.0,0.0,1.0,0.0,0.0,0.0,0
108.14.224.75,9.0,0.0,1.0,0.0,0.0,0.0,0
108.14.246.127,9.0,0.0,1.0,0.0,0.0,0.0,0
108.14.253.253,9.0,0.0,1.0,0.0,0.0,0.0,0
108.14.56.147,0.0,0.0,10.0,0.0,0.0,0.0,0
108.14.69.136,0.0,0.0,10.0,0.0,0.0,0.0,0
108.14.76.14,0.0,0.0,10.0,0.0,0.0,0.0,0
108.15.109.221,0.0,0.0,10.0,0.0,0.0,0.0,0
108.15.119.127,0.0,0.0,10.0,0.0,0.0,0.0,0
108.15.21.67,0.0,0.0,10.0,0.0,0.0,0.0,0
108.15.29.206,0.0,0.0,10.0,0.0,0.0,0.0,0
108.15.29.252,0.0,0.0,10.0,0.0,0.0,0.0,0
108.15.50.178,0.0,0.0,10.0,0.0,0.0,0.0,0
108.15.68.251,0.0,0.0,10.0,0.0,0.0,0.0,0
108.15.69.6,0.0,0.0,10.0,0.0,0.0,0.0,0
108.15.86.83,0.0,0.0,10.0,0.0,0.0,0.0,0
108.16.122.126,0.0,0.0,10.0,0.0,0.0,0.0,0
108.16.137.80,0.0,0.0,10.0,0.0,0.0,0.0,0
108.16.163.45,0.0,0.0,10.0,0.0,0.0,0.0,0
108.16.21.183,0.0,0.0,10.0,0.0,0.0,0.0,0
108.16.213.25,0.0,0.0,10.0,0.0,0.0,0.0,0
108.16.225.194,0.0,0.0,10.0,0.0,0.0,0.0,0
108.16.24.190,0.0,0.0,10.0,0.0,0.0,0.0,0
108.16.242.64,0.0,0.0,10.0,0.0,0.0,0.0,0
108.16.43.98,0.0,0.0,10.0,0.0,0.0,0.0,0
108.16.45.183,0.0,0.0,10.0,0.0,0.0,0.0,0
108.16.81.57,0.0,0.0,10.0,0.0,0.0,0.0,0
108.16.93.186,0.0,0.0,10.0,0.0,0.0,0.0,0
108.17.143.51,0.0,0.0,10.0,0.0,0.0,0.0,0
108.17.24.202,0.0,0.0,10.0,0.0,0.0,0.0,0
108.17.27.176,0.0,0.0,10.0,0.0,0.0,0.0,0
108.17.70.69,0.0,0.0,10.0,0.0,0.0,0.0,0
108.17.88.49,0.0,0.0,10.0,0.0,0.0,0.0,0
108.17.92.33,0.0,0.0,10.0,0.0,0.0,0.0,0
108.17.99.144,0.0,0.0,10.0,0.0,0.0,0.0,0
108.17.99.83,0.0,0.0,10.0,0.0,0.0,0.0,0
108.18.1.76,0.0,0.0,10.0,0.0,0.0,0.0,0
108.18.100.232,0.0,0.0,10.0,0.0,0.0,0.0,0
108.18.118.6,0.0,0.0,10.0,0.0,0.0,0.0,0
108.18.14.159,0.0,0.0,10.0,0.0,0.0,0.0,0
108.18.159.104,0.0,0.0,10.0,0.0,0.0,0.0,0
108.18.168.226,0.0,0.0,10.0,0.0,0.0,0.0,0
108.18.174.54,0.0,0.0,10.0,0.0,0.0,0.0,0
108.18.182.153,0.0,0.0,10.0,0.0,0.0,0.0,0
108.18.186.128,0.0,0.0,10.0,0.0,0.0,0.0,0
108.18.198.155,0.0,0.0,10.0,0.0,0.0,0.0,0
108.18.215.203,0.0,0.0,10.0,0.0,0.0,0.0,0
108.18.220.216,0.0,0.0,10.0,0.0,0.0,0.0,0
108.18.245.100,0.0,0.0,10.0,0.0,0.0,0.0,0
108.18.246.150,0.0,0.0,10.0,0.0,0.0,0.0,0
108.18.3.146,0.0,0.0,10.0,0.0,0.0,0.0,0
108.18.54.7,0.0,0.0,10.0,0.0,0.0,0.0,0
108.18.7.218,0.0,0.0,10.0,0.0,0.0,0.0,0
